ID,Name,Age,Course,City,Region
10000,Francis Shields,30,ITM,Marchtrenk,OOE
10001,Marshall Wilder,19,SWD,Vienna,W
10002,Jin Brennan,34,ITM,Koeflach,STMK
10003,Shad Whitfield,31,SWD,Goetzis,VBG
10004,Uta Reed,30,IMS,Wiener Neustadt,NOE
10005,Clarke Hicks,25,SWD,Parndorf,NOE
10006,Aretha Hawkins,19,IMS,Guessing,BGLD
10007,Caldwell Warner,21,ITM,Bischofshofen,SBG
10008,Kathleen Meadows,23,IMS,Innsbruck,T
10009,Martina Sykes,34,SWD,Laakirchen,NOE
10010,Noah Floyd,26,IMS,Vienna,W
10011,Lani Stafford,31,ITM,Sankt Johann im Pongau,SBG
10012,Price Bradshaw,35,SWD,Hohenems,VBG
10013,Joy Hensley,34,SWD,Voecklabruck,OOE
10014,Todd Schneider,29,ITM,Kitzbuehel,T
10015,Gary Sargent,30,IMS,Lustenau,VBG
10016,Jenette Parsons,33,SWD,Traun,OOE
10017,Alexa Reilly,21,SWD,Grosspetersdorf,STMK
10018,Kennedy Mckenzie,31,ITM,Bad Ischl,OOE
10019,Craig Whitfield,33,SWD,Klagenfurt,KTN
10020,Dora Ortiz,24,SWD,Saalfelden am Steinernen Meer,OOE
10021,Sawyer Mathis,23,ITM,Ebenthal in Kaernten,W
10022,Xavier Ryan,25,IMS,Kapfenberg,STMK
10023,Elmo Gaines,22,ITM,Perchtoldsdorf,VBG
10024,Bethany Hines,21,SWD,Salzburg,NOE
10025,Omar Abbott,32,IMS,Vienna,NOE
10026,Kai Hardy,31,SWD,Velden am Woerther See,BGLD
10027,Minerva Willis,21,IMS,Schwaz,SBG
10028,Breanna Brock,23,IMS,Hallein,T
10029,Priscilla Olson,27,ITM,Neunkirchen,NOE
10030,Colorado Finley,24,ITM,Saalfelden am Steinernen Meer,W
10031,Adena Sargent,25,SWD,Judenburg,SBG
10032,Macaulay Stevens,21,ITM,Leonding,VBG
10033,Xavier Pratt,32,ITM,Neunkirchen,OOE
10034,Rylee Guy,32,ITM,Ferlach,T
10035,Mara Wiley,25,IMS,Rum,VBG
10036,Kellie Jenkins,27,SWD,Altmuenster,OOE
10037,Emma Simmons,29,ITM,Neufeld an der Leitha,STMK
10038,Melvin Price,31,ITM,Rechnitz,OOE
10039,Bree Rivera,30,ITM,Feldkirchen in Kaernten,KTN
10040,Jared Nichols,23,SWD,Sierning,OOE
10041,Giselle King,18,IMS,Voitsberg,W
10042,May Ramirez,20,SWD,Mattersburg,STMK
10043,Benjamin Ford,27,ITM,Wiener Neustadt,VBG
10044,Brent Walton,31,IMS,Klosterneuburg,NOE
10045,Francis Mcdowell,21,ITM,Ternitz,NOE
10046,David Harvey,24,ITM,Gols,BGLD
10047,Martena Cotton,29,ITM,Poettsching,SBG
10048,Kellie Hays,24,IMS,Bischofshofen,T
10049,Wallace Waters,26,IMS,Oberwart,NOE
10050,Shay Cobb,32,ITM,Vienna,W
10051,Rachel Kramer,19,IMS,Tulln an der Donau,SBG
10052,Tanek Santiago,24,ITM,Wolfurt,VBG
10053,Elton Steele,31,ITM,Braunau am Inn,OOE
10054,Maxwell Ayers,29,SWD,Finkenstein am Faaker See,T
10055,Debra Lambert,23,ITM,Grosspetersdorf,VBG
10056,Louis Flynn,28,SWD,Ebenthal in Kaernten,OOE
10057,Alfreda Ingram,29,IMS,Pinkafeld,STMK
10058,Brenna Hood,19,IMS,Bad Ischl,OOE
10059,Carson Cannon,35,SWD,Feldkirch,KTN
10060,Denton Ross,30,IMS,Neusiedl am See,OOE
10061,Phelan Cardenas,25,SWD,Tulln an der Donau,W
10062,Rhea Leach,19,IMS,Enns,STMK
10063,Len Reilly,23,ITM,Salzburg,VBG
10064,Erasmus Schwartz,25,IMS,Judenburg,NOE
10065,Heidi Everett,19,ITM,Vienna,NOE
10066,Ray Gallegos,32,IMS,Hallein,BGLD
10067,Roary Lott,25,SWD,Vienna,SBG
10068,Wyatt Dunn,30,ITM,Vienna,T
10069,Penelope Gallagher,30,IMS,Poettsching,NOE
10070,Clarke Carney,23,ITM,Oberpullendorf,W
10071,Jackson Gamble,22,ITM,Poettsching,SBG
10072,Inez Chambers,22,SWD,Lienz,VBG
10073,Rowan Berger,33,ITM,Pinkafeld,OOE
10074,Ishmael Ballard,31,SWD,Bad Voeslau,T
10075,Mollie Bradshaw,25,SWD,Bregenz,VBG
10076,Brendan Pruitt,20,IMS,Bischofshofen,OOE
10077,Jena Wagner,21,ITM,Krems an der Donau,STMK
10078,Shafira Maddox,23,IMS,Hallein,OOE
10079,Patrick Walter,29,SWD,Ferlach,KTN
10080,Gage Tyson,34,ITM,Baden,OOE
10081,Ralph Whitley,20,ITM,Kufstein,W
10082,Quynn Hyde,29,SWD,Amstetten,STMK
10083,Doris Frazier,20,ITM,Bruck an der Mur,VBG
10084,Sydnee Goodwin,31,IMS,Neunkirchen,NOE
10085,Jolene Keller,33,ITM,Goetzis,NOE
10086,Brynne Church,31,IMS,Velden am Woerther See,BGLD
10087,Jane Riley,18,SWD,Lienz,SBG
10088,Allistair Petersen,34,ITM,Vienna,T
10089,Murphy Mcguire,26,SWD,Salzburg,NOE
10090,Dante Wilson,24,ITM,Innsbruck,W
10091,Zane Delgado,26,IMS,Gols,SBG
10092,Brenna Lowe,24,IMS,Ferlach,VBG
10093,Lareina Lowery,27,IMS,Graz,OOE
10094,Carissa Smith,29,ITM,Spittal an der Drau,T
10095,Brynne Powers,34,IMS,Oberwart,VBG
10096,Sophia Meadows,33,IMS,Lauterach,OOE
10097,Molly Le,32,ITM,Hallein,STMK
10098,Rashad Foreman,27,SWD,Bad Ischl,OOE
10099,Stephanie French,20,SWD,Leoben,KTN
10100,Cleo Tran,23,IMS,Bregenz,OOE
10101,Austin Stein,21,SWD,Neudoerfl,W
10102,Brittany Spence,32,SWD,Hallein,STMK
10103,Clementine Macdonald,24,IMS,Vienna,VBG
10104,Cameron Witt,23,IMS,Saalfelden am Steinernen Meer,NOE
10105,Bruno Fox,25,SWD,Laakirchen,NOE
10106,Eleanor Hickman,20,IMS,Salzburg,BGLD
10107,Delilah Robertson,34,IMS,Amstetten,SBG
10108,Axel Tucker,23,ITM,Marchtrenk,T
10109,Damian Curtis,29,SWD,Wals-Siezenheim,NOE
10110,Elton Estrada,20,IMS,Wals-Siezenheim,W
10111,Adrienne Mack,33,ITM,Brunn am Gebirge,SBG
10112,Stacy Jensen,24,IMS,Marchtrenk,VBG
10113,Uriah Sykes,25,ITM,Hohenems,OOE
10114,Aspen Greene,23,ITM,Koeflach,T
10115,Cruz Dunn,24,SWD,Bischofshofen,VBG
10116,Cooper Dyer,21,SWD,Bruck an der Mur,OOE
10117,Hayden Morales,27,IMS,Weiz,STMK
10118,Audrey Velazquez,24,ITM,Koeflach,OOE
10119,Candace Massey,23,ITM,Vienna,KTN
10120,Shana Sosa,24,ITM,Marchtrenk,OOE
10121,Solomon Sargent,30,SWD,Bad Ischl,W
10122,Omar Richard,33,SWD,Lienz,STMK
10123,Brian Mcdowell,24,IMS,Ried im Innkreis,VBG
10124,Carl Hoffman,35,IMS,Feldkirchen in Kaernten,NOE
10125,Kylan Hall,29,ITM,Klosterneuburg,NOE
10126,MacKenzie Pace,21,ITM,Altach,BGLD
10127,Raja Brennan,34,SWD,Hohenems,SBG
10128,Uta Harmon,32,IMS,Rum,T
10129,Scarlett Harrell,20,ITM,Rechnitz,NOE
10130,Tanya Guerra,28,SWD,Bischofshofen,W
10131,Petra Merritt,34,SWD,Ternitz,SBG
10132,Courtney Casey,21,IMS,Finkenstein am Faaker See,VBG
10133,Desiree Berry,19,IMS,Villach,OOE
10134,Renee Hernandez,18,ITM,Salzburg,T
10135,Leslie Carr,29,ITM,Deutschkreutz,VBG
10136,Justine Ellis,24,SWD,Vienna,OOE
10137,Alexandra Knowles,35,SWD,Spittal an der Drau,STMK
10138,Cedric Knowles,26,SWD,Kapfenberg,OOE
10139,Judah Griffith,25,ITM,Rum,KTN
10140,Kylan Sims,25,IMS,Weiz,OOE
10141,Geraldine Cleveland,21,ITM,Saalfelden am Steinernen Meer,W
10142,Stacy Willis,20,ITM,St. Veit an der Glan,STMK
10143,Allen Alford,27,IMS,Vienna,VBG
10144,Kylee Clark,26,ITM,Korneuburg,NOE
10145,Eliana Chan,33,IMS,Voelkermarkt,NOE
10146,Kermit Cannon,19,IMS,Gmunden,BGLD
10147,Noelani Waller,34,IMS,Vienna,SBG
10148,Kamal Warren,35,SWD,Ebenthal in Kaernten,T
10149,Brett Medina,34,IMS,Hall in Tirol,NOE
10150,Megan Pruitt,19,SWD,St. Johann in Tirol,W
10151,Cailin Mckee,30,ITM,Moedling,SBG
10152,Madeline Farmer,26,IMS,Vienna,VBG
10153,Quail Ferrell,21,IMS,Wolfurt,OOE
10154,Amos Sherman,33,ITM,Judenburg,T
10155,Jermaine Jefferson,32,ITM,Spittal an der Drau,VBG
10156,Macey Marshall,29,SWD,Gols,OOE
10157,Sheila Delacruz,31,ITM,Woergl,STMK
10158,Aileen Barker,24,ITM,Sankt Johann im Pongau,OOE
10159,Quamar Pickett,19,IMS,Krems an der Donau,KTN
10160,Kadeem Norton,28,IMS,Traiskirchen,OOE
10161,Melinda Vaughn,20,IMS,Wiener Neustadt,W
10162,Lydia Donaldson,21,IMS,Hoechst,STMK
10163,Mark Duke,22,IMS,Hallein,VBG
10164,Christine Moon,33,IMS,Ferlach,NOE
10165,Kylan Macias,24,ITM,Kapfenberg,NOE
10166,Renee Klein,24,SWD,Ferlach,BGLD
10167,Kerry Cotton,22,IMS,Bad Ischl,SBG
10168,Ian Roberson,27,SWD,Imst,T
10169,Violet Hendrix,28,IMS,Vienna,NOE
10170,Iris Sweeney,20,SWD,Neudoerfl,W
10171,Bernard Wade,30,SWD,Rechnitz,SBG
10172,Briar Cooley,29,IMS,Linz,VBG
10173,Alexa Porter,34,SWD,Kitzbuehel,OOE
10174,Uriel Richard,30,IMS,Wals-Siezenheim,T
10175,Ursula Chavez,23,IMS,Ebenthal in Kaernten,VBG
10176,Arden Sellers,33,IMS,Bludenz,OOE
10177,Carlos Conley,19,IMS,Kitzbuehel,STMK
10178,India Burke,32,ITM,Wolfurt,OOE
10179,Ella Hammond,34,SWD,Gmunden,KTN
10180,Brynn Horne,24,SWD,St. Johann in Tirol,OOE
10181,Francis Fry,20,IMS,Baden,W
10182,Risa Stone,31,SWD,Hallein,STMK
10183,Rebekah Keith,23,ITM,Salzburg,VBG
10184,Alden Woodard,35,SWD,St. Andrae,NOE
10185,Pandora Ayers,20,IMS,Vienna,NOE
10186,Nasim Brennan,28,ITM,Zirl,BGLD
10187,Lana Jordan,24,ITM,Lauterach,SBG
10188,Phillip Flowers,29,SWD,Moedling,T
10189,Sophia Blair,24,SWD,Sankt Johann im Pongau,NOE
10190,Hakeem Workman,32,ITM,Wals-Siezenheim,W
10191,Scarlet King,34,ITM,Lustenau,SBG
10192,Leigh Valdez,30,ITM,Weiz,VBG
10193,Melvin Winters,28,SWD,Grosspetersdorf,OOE
10194,Bruce Malone,27,IMS,Hollabrunn,T
10195,Hilel Kent,32,IMS,Bad Voeslau,VBG
10196,Irma Beach,33,ITM,Hall in Tirol,OOE
10197,Charlotte Shields,34,SWD,Oberpullendorf,STMK
10198,Uriel Gregory,24,SWD,Laakirchen,OOE
10199,Mikayla Dodson,26,ITM,Schwechat,KTN
10200,Quinlan Camacho,26,ITM,Koeflach,OOE
10201,Alisa Cruz,27,SWD,Wolfurt,W
10202,Darius Patterson,32,ITM,St. Veit an der Glan,STMK
10203,Ann Wolfe,34,ITM,Feldkirch,VBG
10204,Charlotte Clay,19,SWD,Tulln an der Donau,NOE
10205,Kasper Tate,27,ITM,Innsbruck,NOE
10206,Ocean Quinn,28,ITM,Hallein,BGLD
10207,Gillian Mathis,23,IMS,Leonding,SBG
10208,Aquila Terrell,26,ITM,Rum,T
10209,Susan Ortiz,26,IMS,Neusiedl am See,NOE
10210,Stewart Dale,29,IMS,Vienna,W
10211,Patrick Mcgee,32,ITM,Vienna,SBG
10212,Simone Sweeney,33,ITM,Altach,VBG
10213,Yoko Gilmore,33,ITM,Spittal an der Drau,OOE
10214,Katell Mendez,25,SWD,Perchtoldsdorf,T
10215,Jayme Faulkner,27,IMS,Neufeld an der Leitha,VBG
10216,Hilel Baker,21,ITM,Salzburg,OOE
10217,Lucian Hughes,21,SWD,Schwechat,STMK
10218,Fay Padilla,26,IMS,Altmuenster,OOE
10219,Illiana Walton,32,ITM,Ternitz,KTN
10220,Chase Lowery,25,SWD,Villach,OOE
10221,Carl Stephenson,33,IMS,St. Johann in Tirol,W
10222,Lawrence Collier,35,SWD,Innsbruck,STMK
10223,Zena Buckley,31,IMS,Poettsching,VBG
10224,Barry Pennington,26,SWD,Vienna,NOE
10225,Kane Frazier,22,IMS,Villach,NOE
10226,Justin Flores,22,IMS,Velden am Woerther See,BGLD
10227,Regan Ford,19,ITM,Stockerau,SBG
10228,Beverly Glass,28,IMS,Amstetten,T
10229,Drew Pruitt,27,IMS,Dornbirn,NOE
10230,Unity Cannon,28,ITM,Vienna,W
10231,Ulric Hamilton,31,IMS,Lauterach,SBG
10232,Reed Mcintosh,22,IMS,Rechnitz,VBG
10233,Buffy Hendrix,24,ITM,St. Andrae,OOE
10234,Rowan Riddle,25,SWD,Feldkirchen in Kaernten,T
10235,Carson Gibbs,18,SWD,Vienna,VBG
10236,Wang Harrell,35,IMS,Weiz,OOE
10237,Merrill Mack,22,SWD,Hohenems,STMK
10238,Ashton Dejesus,24,SWD,Graz,OOE
10239,Ulla Hewitt,22,ITM,Vienna,KTN
10240,Baxter Mercado,32,IMS,Vienna,OOE
10241,Cheyenne Kinney,25,SWD,Vienna,W
10242,Vernon Ingram,22,IMS,Ferlach,STMK
10243,Mikayla Fowler,23,SWD,Goetzis,VBG
10244,Shay Wright,23,SWD,Goetzis,NOE
10245,Diana Branch,32,SWD,Bruck an der Mur,NOE
10246,Raymond Hardy,26,IMS,Villach,BGLD
10247,Linus Jensen,19,ITM,Bischofshofen,SBG
10248,Elijah Mcclure,23,SWD,Leoben,T
10249,Cedric Wallace,25,SWD,Klosterneuburg,NOE
10250,Vaughan Gill,24,IMS,St. Andrae,W
10251,Ainsley Dennis,21,SWD,Poettsching,SBG
10252,Jacob Jordan,19,SWD,Hollabrunn,VBG
10253,Nichole Noel,18,SWD,St. Andrae,OOE
10254,Axel Sanchez,26,IMS,Knittelfeld,T
10255,Martha Vasquez,33,SWD,Feldkirch,VBG
10256,Nicholas Cummings,28,IMS,Koeflach,OOE
10257,Reed Frost,32,IMS,St. Poelten,STMK
10258,Adrian Bolton,31,IMS,Velden am Woerther See,OOE
10259,Olivia Ashley,30,ITM,Mattersburg,KTN
10260,Mira Rosales,34,ITM,Sankt Johann im Pongau,OOE
10261,Brock Valencia,28,ITM,Kitzbuehel,W
10262,Shea Santiago,22,SWD,Voitsberg,STMK
10263,Colt Gross,22,IMS,St. Veit an der Glan,VBG
10264,Duncan Hopkins,22,SWD,Hallein,NOE
10265,Hall Bentley,30,IMS,Pinkafeld,NOE
10266,August Stark,21,ITM,Knittelfeld,BGLD
10267,Jenette Hopkins,25,SWD,Neudoerfl,SBG
10268,Yasir Christian,34,ITM,Perchtoldsdorf,T
10269,Kirestin Estrada,31,ITM,Neunkirchen,NOE
10270,Giselle Hopkins,33,SWD,Goetzis,W
10271,Jordan Cannon,32,ITM,Brunn am Gebirge,SBG
10272,Conan Fuentes,34,IMS,Koeflach,VBG
10273,Kelly Bright,21,ITM,Knittelfeld,OOE
10274,Garrett Melendez,27,ITM,Stockerau,T
10275,Ira Dillard,34,IMS,Wolfsberg,VBG
10276,Ignatius Joyce,34,IMS,Oberpullendorf,OOE
10277,Kieran Rosales,29,SWD,Imst,STMK
10278,Sawyer Hicks,25,ITM,Jennersdorf,OOE
10279,Laurel Knox,20,SWD,Perchtoldsdorf,KTN
10280,Adrian Conrad,30,IMS,Voelkermarkt,OOE
10281,Kirby Cash,34,ITM,Wels,W
10282,Courtney Mcdowell,31,ITM,Sankt Johann im Pongau,STMK
10283,Rosalyn Carr,20,ITM,Voelkermarkt,VBG
10284,Wallace Allison,25,ITM,Innsbruck,NOE
10285,Tate Carney,21,SWD,Voelkermarkt,NOE
10286,Elmo Sullivan,34,ITM,Spittal an der Drau,BGLD
10287,Timon Tanner,29,SWD,Sankt Johann im Pongau,SBG
10288,Abdul Bradley,35,IMS,Finkenstein am Faaker See,T
10289,Ursa Maxwell,31,ITM,Wolfurt,NOE
10290,Keegan Meadows,19,ITM,Vienna,W
10291,Xandra Black,30,ITM,Salzburg,SBG
10292,Tara Chen,23,ITM,Bad Voeslau,VBG
10293,Paki Bray,20,ITM,Vienna,OOE
10294,Veronica Oneil,29,IMS,Wolfurt,T
10295,Scarlet Allen,33,ITM,St. Veit an der Glan,VBG
10296,Gary Flores,30,IMS,Kapfenberg,OOE
10297,Chaim Frazier,23,SWD,Feldkirchen in Kaernten,STMK
10298,Ivor Kane,23,SWD,Ried im Innkreis,OOE
10299,Carly Sims,34,ITM,Ried im Innkreis,KTN
10300,Alika Cervantes,19,IMS,Ferlach,OOE
10301,Tad Turner,23,SWD,Sankt Johann im Pongau,W
10302,Bruno Branch,24,SWD,Ried im Innkreis,STMK
10303,Skyler Ross,34,IMS,Ansfelden,VBG
10304,Jack Stevens,26,IMS,Stockerau,NOE
10305,Quamar Simpson,25,SWD,Sierning,NOE
10306,Maile Beasley,33,IMS,St. Veit an der Glan,BGLD
10307,Jamalia George,20,IMS,Saalfelden am Steinernen Meer,SBG
10308,Willow Mcknight,35,SWD,Leoben,T
10309,Daniel Dennis,20,IMS,Telfs,NOE
10310,Seth Green,27,SWD,Bregenz,W
10311,Anika Hampton,31,IMS,Saalfelden am Steinernen Meer,SBG
10312,Willow Wilder,29,SWD,Ternitz,VBG
10313,Heather Pugh,34,SWD,Wels,OOE
10314,Blaze Shaw,18,SWD,Eisenstadt,T
10315,Octavia Cain,25,IMS,Velden am Woerther See,VBG
10316,Rhona Miranda,32,SWD,Lienz,OOE
10317,Reece Estrada,34,ITM,Voelkermarkt,STMK
10318,Adria Battle,22,IMS,St. Andrae,OOE
10319,Bertha Cook,28,IMS,Salzburg,KTN
10320,Carissa Bryan,31,IMS,Vienna,OOE
10321,Aaron Travis,19,ITM,Velden am Woerther See,W
10322,Phelan Delaney,26,IMS,Weiz,STMK
10323,Rogan Emerson,25,IMS,Ternitz,VBG
10324,Azalia Shaw,25,IMS,Vienna,NOE
10325,Nichole Chaney,29,ITM,Bruck an der Mur,NOE
10326,Risa Sawyer,19,SWD,Rankweil,BGLD
10327,Tiger Quinn,23,IMS,Imst,SBG
10328,Kato Hampton,29,ITM,Vienna,T
10329,Cody Young,22,SWD,Koeflach,NOE
10330,Ashely York,28,ITM,Vienna,W
10331,Rebecca Holcomb,29,IMS,Vienna,SBG
10332,Wyoming Delaney,26,IMS,Voelkermarkt,VBG
10333,Leo Wiggins,30,SWD,Bad Voeslau,OOE
10334,Christopher Franco,23,IMS,Judenburg,T
10335,Keane Dejesus,20,ITM,Vienna,VBG
10336,Kadeem Marquez,29,IMS,Rankweil,OOE
10337,Ethan Mccullough,26,IMS,Feldkirch,STMK
10338,Mollie Guzman,31,IMS,Telfs,OOE
10339,Hop Young,34,IMS,Gmunden,KTN
10340,Beverly Spencer,23,SWD,Stockerau,OOE
10341,Ramona Flowers,32,SWD,Bruckneudorf,W
10342,Paula Donaldson,28,SWD,Wolfurt,STMK
10343,Melanie Tillman,30,IMS,Bludenz,VBG
10344,Rafael Dyer,21,IMS,Enns,NOE
10345,Kieran Ray,23,SWD,Korneuburg,NOE
10346,Freya Quinn,34,IMS,Hallein,BGLD
10347,Baker Parks,33,ITM,Feldkirchen in Kaernten,SBG
10348,Jaquelyn Mueller,23,SWD,Ansfelden,T
10349,Aphrodite Maynard,31,SWD,Ferlach,NOE
10350,Warren Parrish,31,ITM,Feldkirch,W
10351,Donovan Gross,31,ITM,Wolfsberg,SBG
10352,Daria Calderon,34,SWD,Hallein,VBG
10353,Jasper Mcclure,23,SWD,Kapfenberg,OOE
10354,Elliott Rasmussen,32,ITM,Hall in Tirol,T
10355,Emi Gill,25,SWD,Sankt Johann im Pongau,VBG
10356,Tara Deleon,22,ITM,Vienna,OOE
10357,Mason Padilla,30,ITM,Bischofshofen,STMK
10358,Martina Sosa,32,IMS,Eisenstadt,OOE
10359,Emi Roberts,31,IMS,Waidhofen an der Ybbs,KTN
10360,Lillian Patton,22,IMS,Imst,OOE
10361,Aurora Stafford,25,ITM,St. Andrae,W
10362,Flavia Howe,20,SWD,St. Andrae,STMK
10363,Sigourney Mcclure,29,ITM,Bad Ischl,VBG
10364,Evangeline Chang,27,ITM,Waidhofen an der Ybbs,NOE
10365,Idola Kelly,23,SWD,Feldkirchen in Kaernten,NOE
10366,Sonia Rutledge,33,ITM,Vienna,BGLD
10367,Zeph Ingram,25,ITM,St. Veit an der Glan,SBG
10368,Guy Bowman,21,ITM,Judenburg,T
10369,Alisa Harrison,31,SWD,Kufstein,NOE
10370,Nissim Pennington,32,SWD,Voitsberg,W
10371,Macaulay Vincent,25,ITM,Voecklabruck,SBG
10372,Dawn Hanson,35,ITM,Neudoerfl,VBG
10373,Diana Baird,25,SWD,Mattersburg,OOE
10374,Aidan Brewer,27,ITM,Pinkafeld,T
10375,Maxine Hanson,24,IMS,Altmuenster,VBG
10376,Catherine Holmes,18,ITM,Schwechat,OOE
10377,Quintessa Cook,34,SWD,Kapfenberg,STMK
10378,Gareth Noble,28,ITM,Wels,OOE
10379,Hadley Case,33,IMS,Landeck,KTN
10380,Kenyon James,28,ITM,Frauenkirchen,OOE
10381,Otto Webb,22,IMS,Kapfenberg,W
10382,Shelby Sosa,28,ITM,Siegendorf,STMK
10383,Flynn Conway,27,SWD,Marchtrenk,VBG
10384,Madaline Baird,19,SWD,Oberwart,NOE
10385,Fritz Hunt,31,ITM,Braunau am Inn,NOE
10386,Christine Jenkins,18,IMS,Kapfenberg,BGLD
10387,Imelda Lancaster,24,SWD,Leoben,SBG
10388,Quamar Larson,24,IMS,Finkenstein am Faaker See,T
10389,Maryam Snyder,19,ITM,Vienna,NOE
10390,Imani Roach,28,SWD,Saalfelden am Steinernen Meer,W
10391,Illana Carson,19,IMS,Ebenthal in Kaernten,SBG
10392,Valentine Blankenship,33,IMS,Spittal an der Drau,VBG
10393,Nissim Holt,29,ITM,Korneuburg,OOE
10394,Harrison David,34,SWD,Tulln an der Donau,T
10395,Kylan Bishop,25,IMS,Voitsberg,VBG
10396,Guy Hendrix,26,ITM,Schwechat,OOE
10397,Fredericka Castillo,19,ITM,Vienna,STMK
10398,Elton Waller,25,IMS,Bischofshofen,OOE
10399,Kadeem Mullins,30,SWD,Feldkirchen in Kaernten,KTN
